id,bid,user_id,用户昵称,微博正文,头条文章url,发布位置,艾特用户,话题,转发数,评论数,点赞数,发布时间,发布工具,微博图片url,微博视频url,retweet_id,ip
4962983823543204,NqquOeRKs,6872083426,索哥_,周末社保基金表态：当前我国权益资产的估值已经处在历史底部区域，A股进入了长期配置价值的窗口期。本周一财政部发布通知：引导保险资金长期稳健投资、加强国有商业保险公司长周期考核。对资本市场是长效利好。尤其是对一些绩优股。,,,,,2,16,748,2023-10-31 19:16,iPhone 15 Pro,,,,
4963013535992476,NqrgJp8UQ,1896820725,天津股侠,除夕不放假A股还正常开市吗？上交所向各基金公司进行意愿调研O除夕不放假A股还正常开市吗？上交所向各基金公司进行意愿调研,,,,,7,80,1064,2023-10-31 21:14,分享按钮,,,,
4962981127653651,Nqqqsw73Z,1163390501,龚凯杰,A股也要查一下做空的力量来自哪里？,,,,,31,32,309,2023-10-31 19:06,,['https://wx2.sinaimg.cn/large/4557ee25ly1hjenlz6nqoj20u025k7e8.jpg'],,,
4962951977500740,NqpFrvthG,3050893364,万点昊,最近一年A股的走势可以说是烂到根儿了…很多人问我：昊哥，还剩俩月了！咱A股还能炒点啥呢？我直接回复ta：炒个几把！咱品，咱仔细品一品…,,,,,7,39,86,2023-10-31 17:10,废话小天才,"['https://wx1.sinaimg.cn/large/b5d8f034ly1hjek8f1qnyj20sx0sr0xb.jpg', 'https://wx1.sinaimg.cn/large/b5d8f034ly1hjel3uo6luj20nf0nyq8w.jpg']",,,
4963005235204387,Nqr3llPTJ,2932185514,土匪山寨DE寨主,晚上好。。一切都在向好呀，感觉到了吗？？一波吃饭行情要来啦。。今天大A股，虽然在调整，那是洗洗更健康，不是洗洗睡。。,,,,,4,67,197,2023-10-31 20:41,快速盈利HarmonyOS设备,[],,,
4962957068337293,NqpNEyYUt,2177245391,黄鱼Veda,今天资金面好紧张，今天创13年钱荒以来，最高的银行间隔夜利率a股这都跌不下去，是真牛。后续是要政策持续发力了。,,,,,34,19,78,2023-10-31 17:30,微博轻享版,"['https://wx2.sinaimg.cn/large/81c620cfgy1hjekuw9eyej21680kjad4.jpg', 'https://wx2.sinaimg.cn/large/81c620cfgy1hjekuwk103j20m80ci0ve.jpg']",,,
4962969534597503,Nqq7Lji1h,2014878391,武汉刘正涛,华夏基金李一梅：A股“五重底”相继出现，每一轮市场低谷都是起跳的蓄力→O华夏基金李一梅：A股“五重底”相继出现，每一轮市场低谷都是起跳的蓄力@新浪财经,,,新浪财经,,3,19,367,2023-10-31 18:20,新浪财经Android版,,,,
4962993999710971,NqqLdEKgz,1785460510,圆圆kit,原来万圣节也要交过节费的吗#a股#,,,,a股,1,26,89,2023-10-31 19:57,,"['https://wx2.sinaimg.cn/large/6a6bf71egy1hjep25m508j23402c0u0y.jpg', 'https://wx1.sinaimg.cn/large/6a6bf71egy1hjep27ac3rj22c0340hdu.jpg', 'https://wx4.sinaimg.cn/large/6a6bf71egy1hjep28qhjxj22c03401ky.jpg', 'https://wx2.sinaimg.cn/large/6a6bf71egy1hjep2aykpnj22c0340b2b.jpg']",,,
4962978568869704,NqqmkBdpK,2826357207,Veget超级赛亚人,滴，亏钱今晚吃啥？A股超话,,,,,3,64,96,2023-10-31 18:56,一起吃肉的胖虎,,,,
4962970717127132,Nqq9FtU5K,1410248531,皮海洲,#拯救股市##股市建议#《刘纪鹏的建议：高薪养廉杜绝A股产业链的腐败是重振A股良方》中国股市的长期徘徊在3000点左右，成了投资者苦不堪言的困局。刘纪鹏，作为一位知名的经济学家，提出了一些建设性的观点，以重振中国股市。O网页链接,,,,"拯救股市,股市建议",13,18,46,2023-10-31 18:24,百度App,['https://wx4.sinaimg.cn/large/540eaf53gy1hjemej7j3ij208o05s74c.jpg'],,,
4962986525982766,Nqqzap6oe,5729091448,基金致富之路,A股又是夜盘拉升，白天能否暴力上涨，只有大盘出现接近5%级别的涨幅才能扭转情绪，击穿空单。基金之道超话,,,,,16,43,90,2023-10-31 19:27,基金之道超话,"['https://wx2.sinaimg.cn/large/006fIGoMly1hjeo7sw26yj30qo1b8tc5.jpg', 'https://wx2.sinaimg.cn/large/006fIGoMly1hjeo7thw1ij30nm13wacf.jpg']",,,
4962999891923179,NqqUJ84j1,2553177023,哈利宝舵主,#中央金融工作会议在京举行#1.解决恒大、碧桂园问题2.新房改政策落实推进3.A股活跃起来！A股活跃起来！A股活跃起来！,,,,中央金融工作会议在京举行,2,20,70,2023-10-31 20:20,iPhone客户端,,,,
4963013671256353,NqrgX5gPL,5637236373,满满涨大了,风吹云动天不动，水推船移爱不移，宝宝们，晚上好，大A股今天调整了，你是不是还爱着她，像前几天那样的爱着她。。,,,,,1,48,110,2023-10-31 21:15,微博网页版,['https://wx3.sinaimg.cn/large/0069vgHjgy1hjercqnw5kj30zk1benmb.jpg'],,,
4962988807946726,NqqCQxlj0,2230631923,挖掘机小晴天,今天资金真紧张创13年以来的钱荒最高的银行间隔夜利率飙到50%a股这都跌不下去很可以了后面怕是要降准了等政策发力。,,,,,1,9,52,2023-10-31 19:36,,,,,
4962978913062825,NqqmTcQMp,2149635675,Y水生Y,明天看阴阳#a股股市#LY水生Y的微博视频,,,,a股 股市,4,12,63,2023-10-31 18:57,微博视频号,,"http://f.video.weibocdn.com/o0/SFlJJmRwlx089Oe6BL8Y01041203nAYi0E020.mp4?label=mp4_720p&template=1432x720.25.0&ori=0&ps=1BVp4ysnknHVZu&Expires=1711368876&ssig=vTaWRu%2FKWD&KID=unistore,video",,
4963016655504873,NqrlLn64h,1862045553,张正经宏观策略,芒格：中国经济在未来20年比几乎任何其他大型经济体都有更好的…包含A股吗？,,,,,13,26,70,2023-10-31 21:27,iPhone 13 Pro Max,['https://wx1.sinaimg.cn/large/6efc8f71gy1hjernqb6a1j20u00mc78n.jpg'],,,
4962967101900876,Nqq3Q7Yvi,7521955262,博识财经,盘后数据显示，10月31日A股龙虎榜中，共28只个股出现了机构的身影，有9只股票呈现机构净买入，19只股票呈现机构净卖出。机构与北向资金同时净买入的无；三只机构以上买入且龙虎榜买入总和为正的有：万润科技。,,,,,10,14,53,2023-10-31 18:10,战舰粉丝团超话,"['https://wx4.sinaimg.cn/large/008d3mb4ly1hjem0ddrr8j30on0n7129.jpg', 'https://wx3.sinaimg.cn/large/008d3mb4ly1hjem0d99b2j30fs07iwgd.jpg', 'https://wx1.sinaimg.cn/large/008d3mb4ly1hjem0d93u2j30fx06m0ud.jpg']",,,
4962913846821311,NqoFWsCx9,1302555931,82天易,有大哥在他们还敢看空真是耗子给猫当三陪赚钱不要命了#A股#,,,,A股,1,51,320,2023-10-31 14:38,微博网页版,,,,
4962914044478657,NqoGgiN6p,1609962335,曦阳思慕,以后谁再和我说A股是一个适合投资的市场我就扇他的嘴，明明就是一个纯投机的地方，要么波段，要么短线，就算碰到牛市了，那些鼓吹什么什么公司业务多好，多有前途的，都是扯淡~,,,,,5,42,296,2023-10-31 14:39,微博网页版,,,,
4962898084627046,NqogwjpHM,1776959490,沃实,吃药行情，今天医药板块反弹，上周医药板块回调了一周，今天又开始返攻了，是不是到了秋冬生病的人多了药的销量好啊！科技板块全部整体回落，尤其芯片半导体华为产业链。#今日看盘##A股#,,,,"今日看盘,A股",6,86,240,2023-10-31 13:36,,,,,
4962919129548235,NqoOsE3VN,5984077743,比古,#A股#下午茅台发力把指数给拉红了，尾盘没站住，个股还是没什么起色，延续调整。中午说了直接下去的话杀伤力不大，要等缺口补了以后的下跌那才是真跌，别的方面都没啥，继续震荡磨底中，可以切换到涨的少的个股中，会有补涨的行情，指数在这里震荡就是做节奏差的过程，放心，不会错过行情。,,,,A股,58,68,154,2023-10-31 14:59,微博网页版,,,,
4962920908719089,NqoRkAAet,6508022755,帽子哥聊财经,A股收盘，三大指数集体下跌，沪指跌0.09%，深成指跌0.65%，创业板指跌0.48%，上证止步五连涨，煤炭、金融、消费、医药生物走强，沪深两市成交额9183亿元，北向资金净卖出47.53亿元。,,,,,3,14,177,2023-10-31 15:06,,,,,
4962921836711106,NqoSPs9RE,5244183267,麒麟神侯,北向资金尾盘那波强势回流立功了，A股这时候情绪面依旧脆弱，很怕北向不回头，指数连续上涨之后，回踩5日线的小十字星，没有任何问题，成交量9100亿，缩量但没跌破安全线，正常的日内换手行情，无忧,,,,,3,27,153,2023-10-31 15:10,涨停板HarmonyOS设备,['https://wx4.sinaimg.cn/large/005IU3D5ly1hjegqswcsbj30un0px0z1.jpg'],,,
4962862359645279,NqnkTEtb1,6078088713,安隐面馆,证监会的这个logo，一环套一环，侧面外应了A股要想解套可不容易啊。,,,,,12,78,508,2023-10-31 11:14,HUAWEI Mate 60 Pro,['https://wx1.sinaimg.cn/large/006Dl2wVgy1hjea70oowpj30en0azq3e.jpg'],,,
4962908020409310,Nqowy1ItM,5639264656,Meta麻麻,10月份制造业采购经理指数（PMI）为49.5%，比上月下降0.7个百分点，对比欧洲来说，又有美联储加息情况下，现在这个数据算不错了，不要悲观，对炒亏损股的a股市场也没有影响。。,,,,,1,2,97,2023-10-31 14:15,,,,,
4962851139880375,Nqn2NFskT,7536750246,价值牧场王维,昨天A股涨幅9.9%以上的个股数量超过100只，沪深两市成交额10381亿，算是一个小季节的小高潮，今天是一个观察时间点，是回落调整震荡筑底的节奏还是低点不断抬升继续放量的节奏，可以对两种情况进行判断确认，进而推算未来一段时间的趋势节奏。,,,,,5,4,79,2023-10-31 10:29,微博网页版,,,,
4962941959143780,NqpphCmIk,3208538825,趋势交易的奶爸,#A股#有种说法，市场千变万化，没有一成不变就可以长期赚钱的方法，得到很多人认同。其实有的。价投、趋势、定投，都是被证明过长期下来能赚钱。只不过，不是你想象的那种，什么时段都能赚，而是有时会亏、有时要停。不能自己有不切实际的愿望，加上方法没理解深没执行好，然后去否定方法。,,,,A股,6,5,101,2023-10-31 16:30,iPhone 14 Pro,,,,
4962926743786130,Nqp0KfSWC,5702772557,刘昌松-只做免费内容,A股缩量成交9183亿，回踩抓主线机会别错过，后市怎么走？L刘昌松-只做免费内容的微博视频,,,,,0,12,91,2023-10-31 15:30,微博视频号,,"http://f.video.weibocdn.com/u0/BEHoXIptgx089NZS2aeA01041201ht5c0E010.mp4?label=mp4_720p&template=1280x720.25.0&ori=0&ps=1BVp4ysnknHVZu&Expires=1711368924&ssig=Lf0MJirnjK&KID=unistore,video",,
4962904459707246,NqoqNEJiu,5091912327,o小怂包,能说服一个人的，从来不是道理而是南墙，能点醒一个人的，从来不是说教而是磨难。任何人的劝阻，都不会让你大彻大悟，真正能让你如梦初醒，看透人情世故的，只有经历、吃亏、后悔、还有伤害！那么问题来了，那么多年做A股的多数都是亏钱的，为什么还是源源不断的有人进来？,,,,,10,13,89,2023-10-31 14:01,iPhone 14 Pro,,,,
4962927964327325,Nqp2Ii9Jz,5458827367,温力雄,以A股市在这样的环境（继续圈钱吸血为主）发展下去，以后指数是不会有大作为的了，对于还在场的投资者，只能抛开指数专注一些个股的市场机会，而被套的投资者，只能被动等待轮炒到自己的股票，才有解套或获利的机会了，什么时候能轮到，谁也不知道。一句话，以后炒股越来越难了。,,,,,1,4,88,2023-10-31 15:34,HUAWEI Mate 40E,,,,
4962931432491274,Nqp8jas5Q,1980768563,霜叶,汪峰和章子怡留给A股的力量终于在五连阳之后耗尽了,,,,,6,31,276,2023-10-31 15:48,微博网页版,,,,
4962916409017799,NqoK4BPWn,3317930660,经济新视界,实在想不通，为什么a股的投资者认为经济环境转暖了？到底哪里研究来的信心和依据？,,,,,29,53,226,2023-10-31 14:49,,,,,
4962847879333876,NqmXxDaao,1401164841,陈同辉-宏观策略,某群群友说，现在a股是澳门模式：直接赌大小，对了就是涨停，错了就是跌停----很形象,,,,,3,5,120,2023-10-31 10:16,微博网页版,,,,
4962883341910625,NqnSK812x,1873999810,莫非是托的微博,特斯拉还是影响到了A股的新能车，昨天松下表示受下游需求不景气影响，公司消减日本电池60%产量，下调公司电池业务利润预期15%，至7.69亿美元。欧美电动汽车景气度被质疑，其实欧美充电桩人均拥有量比国内高多了，为什么他们不买电车了。,,,,,14,33,69,2023-10-31 12:37,微博网页版,,,,
4962935643310995,Nqpf6dTl9,2129346947,陈雨墨,#财经知识分享官##A股##今日看盘#陈雨墨A股财经1031：周三是变盘窗口，留意上方压力位L陈雨墨的微博视频,,,,"财经知识分享官,A股,今日看盘",6,41,130,2023-10-31 16:05,今日看盘超话,,"http://f.video.weibocdn.com/u0/5nDTf8gJgx089O2iC1Fm01041201BSuh0E010.mp4?label=mp4_720p&template=1280x720.25.0&ori=0&ps=1BVp4ysnknHVZu&Expires=1711368952&ssig=zb0OdnAntm&KID=unistore,video",,
4962870636840739,NqnyfsHAv,1742482691,叶艾茂,【午评】内资和北上资金齐砸，医疗略强；遥遥领先砸盘，个股跌多涨少，A股回到3000点摩擦。#医疗##新能源#A股超话（叶艾茂）,,,,"医疗,新能源",1,23,75,2023-10-31 11:47,爱心发射biubiu,['https://wx3.sinaimg.cn/large/67dc2d03gy1hjeavrp20gj20u0134dj5.jpg'],,,
4962898483348666,Nqohae38K,2959386434,镇长有点帅,这说的是不是中国人寿投资A股，亏的裤衩都没了的事,,,,,2,5,90,2023-10-31 13:37,,['https://wx2.sinaimg.cn/large/b064a742gy1hjee48m63dj20u0165n56.jpg'],,,
4962885127638016,NqnVCw2ZO,1153588720,贵族乞丐,#吐槽吧大A##沪指收复3000点#10月27日，上周五，上证指数收复3000点。今天，鬼子又来了，A股又要全力以赴保卫阵地，已经忘了这是第52次还是第53次。做股民，保卫几千点都行，重点先保住本金。不然，保卫成功了，结果自己把自己却挂墙上，不孤单吗？41#大咖说财经#,,,,"吐槽吧大A,沪指收复3000点,大咖说财经",1,10,47,2023-10-31 12:44,iPhone客户端,['https://wx1.sinaimg.cn/large/44c25df0ly1hjeck1qslcj20j209s76b.jpg'],,,
4962936316232070,Nqpgbq9fg,5717789747,龙神亚男,福利21号（圣龙）今天盘中涨停，昨天群内已经说的很清楚了，涨停封不住，高抛。截至目前，本月群内分享的福利累计涨幅高达125%。A股超话群聊,,,,,17,45,66,2023-10-31 16:08,HUAWEI Mate X2,,,,
4962898025120715,Nqogqlu8b,7281450565,雨后de星辰,#A股#大家一起探讨下，我实在想不明白A股怎么做到的全球第一（倒数），是制度问题、上市公司质量不行、受全球经济影响、还是太注重短期利益了？我实在有点匪夷所思！,,,,A股,1,22,35,2023-10-31 13:35,基金暴涨iPhone 14 Pro Max(暗紫色),,,,
4962819095399395,Nqmd7mED1,1282871591,花荣,【每日早盘操作计划和应变思维】1、重要消息：A股三季报稳健向上消费出行板块不负期待。2、消息风口：三季报表现最亮眼的行业是旅游酒店业、汽车零配件。3、昨夜A50期指：0.06%。4、操作计划：准备加大逢低建仓的力度。,,,,,16,16,174,2023-10-31 08:22,微博网页版,,,,
4962829256360472,NqmtvqGEg,3835549189,艷茹君寧,美國三大指數漲，昨天A股市場過万亿交易。今天繼續嗨，茅台五糧液繼續冲冲冲L艷茹君寧的微博视频,,,,,2,25,77,2023-10-31 09:02,iPhone客户端,,"http://f.video.weibocdn.com/u0/vzRaN8b4gx089NzgnI7e01041200Efiy0E010.mp4?label=mp4_720p&template=720x1280.24.0&ori=0&ps=1BVp4ysnknHVZu&Expires=1711369000&ssig=TRvWTrs5u9&KID=unistore,video",,
4962821822481674,NqmhwapB0,7280465357,福遥直上,早上好，我来啦A股5连阳了，有人说只要今天再涨一天，他就相信牛来了，你觉得呢,,,,,5,45,187,2023-10-31 08:33,微博网页版,['https://wx1.sinaimg.cn/large/007WI5CBgy1hje5bn68iaj304003tjrf.jpg'],,,
4962837531984707,NqmGR8kjp,1955790395,上海波浪玩家,波浪玩家超话#A股等待11月底各大指数再创新低的机会，短期所有指数完成3-5浪下跌结构。,,,,,1,12,52,2023-10-31 09:35,微博网页版,,,,
4962705007184126,Nqjf6u8V0,6105986358,无事小正经,今天A股的银行股全面大跌，果然这些机构提前知道消息了！草…晚上就出新闻了！,,,,,2,10,65,2023-10-31 00:48,iPhone 13 Pro Max,,,,
4962512659546556,NqeeRE3uI,5303797561,LP的眉毛,#万圣节本土化#A股超话太过于本土化了，你A的三千点还有旁边拿着韭菜的“韭菜”,,,,万圣节本土化,8,19,77,2023-10-30 12:04,A股超话,"['https://wx1.sinaimg.cn/large/005MWc1Xgy1hjd5sohw1bj30gz0qtjww.jpg', 'https://wx3.sinaimg.cn/large/005MWc1Xgy1hjd5sp17jmj30gb0qytf9.jpg']",,,
4962585528503313,Nqg8ozG6d,2393473121,预见何生生,一年前的节目为大家预见了很多，包括黑天鹅，包括周期包括宏观，包括如何进行资产配置，包括如何选择A股的结构牛等等等，现在回顾来看，一一得以验证，今天的节目正在进行，会有哪些预见，我们拭目以待，这里我们也结合去年的这期节目一起来复盘收看。O网页链接L预见何生生的微博视频,,,,,6,15,64,2023-10-30 16:54,微博视频号,,"http://f.video.weibocdn.com/o0/B5BQtPfDlx089MuK3Eog0104120fYI5b0E060.mp4?label=mp4_720p&template=1280x720.25.0&ori=0&ps=1BVp4ysnknHVZu&Expires=1711369051&ssig=G0l%2Fw8RXcb&KID=unistore,video",,
4962485271791386,NqdwH7w1k,7486093056,感悟看市,A股多恨红派大师，只知道一见红盘，就是牛市，根本不知道大周期还将怎么走、小周期阻力又在哪里。,,,,,2,15,330,2023-10-30 10:15,微博网页版,,,,
4962277816272661,Nq885qjNX,5395678996,许文臣,蚂蚁财富超话#A股#兄弟们，嫂子发消息了,,,,A股,2,46,90,2023-10-29 20:31,蚂蚁财富超话,['https://wx1.sinaimg.cn/large/005T9IAAly1hjceu7vefaj30ri10stcu.jpg'],,,
4962445909820429,NqcvcFcK1,1935676494,势之为重,回顾A股历史，回购政策的调整通常出现在历史大底部区域附近，而市场的大底部通常也伴随着上市公司的回购潮。,,,,,15,6,54,2023-10-30 07:39,,['https://wx4.sinaimg.cn/large/7360144egy1hjcy5i0ghsj20zk2g0qsu.jpg'],,,
4961502467460036,NpNXwviHa,1791653972,魏宁海,全球普跌，A股风景独好，大反攻开始！#股市财经#L魏宁海的微博视频,,,,股市财经,9,9,105,2023-10-27 17:10,微博视频号,,"http://f.video.weibocdn.com/o0/i9jCM1salx089HJcklw401041208DrVE0E040.mp4?label=mp4_720p&template=1008x720.25.0&ori=0&ps=1BVp4ysnknHVZu&Expires=1711369051&ssig=h1XSixYGem&KID=unistore,video",,
4962223301067711,Nq6Ia4tL9,2047833231,trader2011,中国社保基金会：A股进入长期配置价值窗口期,,,,,20,11,46,2023-10-29 16:54,微博网页版,['https://wx1.sinaimg.cn/large/7a0f748fly1hjc8kxg09gj21p80rt1kx.jpg'],,,
4962128837215368,Nq4fNuh2U,5611061334,讲逻辑做投资,A股注册制这样搞，如果不完善制度，只是让社保基金、汇金往里填，恐怕都难以填满他们的欲望，指数回暖也不容易,,,,,33,31,216,2023-10-29 10:39,HUAWEI Mate 40 Pro,"['https://wx3.sinaimg.cn/large/0067Jrngly1hjbxo1voopj30w01u07ls.jpg', 'https://wx3.sinaimg.cn/large/0067Jrngly1hjbxo23ccsj30k00no42d.jpg', 'https://wx2.sinaimg.cn/large/0067Jrngly1hjbxo2dsoxj30t41ebwq4.jpg']",,,
4962063958148106,Nq2z9ybH4,3499166470,擒牛师叶汶昌,坚守系统！做交易，只要你愿意只拿属于自己的那份，那么你可以永久的拿下去，足够你赚得稳、活得久。交易本身是简单的等待游戏，进场出局只是个不断重复的过程，导致很多做了很久的交易者，还是不能知行合一的主要原因，是主观意识的复杂使得交易复杂！#A股#,,,,A股,7,7,52,2023-10-29 06:21,,['https://wx2.sinaimg.cn/large/d0910b06gy1hjbqab99w4j20i20as0um.jpg'],,,
4961910463927465,NpYzAgtId,6612642961,执著的老宋,A股科技领域实力龙头汇总名单,,,,,64,1,40,2023-10-28 20:11,华为鸿蒙HarmonyOS设备,"['https://wx3.sinaimg.cn/large/007dvYvDgy1hjb8nibrghj30u012s7bg.jpg', 'https://wx3.sinaimg.cn/large/007dvYvDgy1hjb8nj4df8j30u012qn40.jpg', 'https://wx1.sinaimg.cn/large/007dvYvDgy1hjb8njnk8hj30u0120q9f.jpg', 'https://wx1.sinaimg.cn/large/007dvYvDgy1hjb8nk6nayj30u013mth5.jpg', 'https://wx3.sinaimg.cn/large/007dvYvDgy1hjb8nld93pj30u013cai0.jpg', 'https://wx3.sinaimg.cn/large/007dvYvDgy1hjb8nm3zzkj30u013cwm9.jpg', 'https://wx2.sinaimg.cn/large/007dvYvDgy1hjb8nmvnsyj30u013en4g.jpg', 'https://wx2.sinaimg.cn/large/007dvYvDgy1hjb8nnrp4mj30u010cqa8.jpg', 'https://wx4.sinaimg.cn/large/007dvYvDgy1hjb8noiezlj30u00xcq9y.jpg']",,,
4961902164446149,NpYmciEE5,7026075863,万股归赢,A股会有一波反弹，或许有消息灵通人士提前知道管理层一些改革方案也未可知，所以11月是丰收月,,,,,1,16,89,2023-10-28 19:38,微博网页版,,,,
4961923310554183,NpYUj2kar,1030341137,市值风云App,不得不说，还是A股战况打得激烈，旷日持久，几代人灰飞烟灭,,,,,4,6,53,2023-10-28 21:02,HUAWEI Mate 60 Pro,['https://wx1.sinaimg.cn/large/3d69c211ly1hjba4ndfafj20u00w2wr8.jpg'],,,
4961816909711378,NpW8GEKn8,1237389341,张捷观察-谁是谁非任评说,【张捷财经】A股股票回购增多与市场走向#芝士热亿点##张捷财经#近日，A股市场上的股票回购趋势愈发明显，逐渐取代了传统的分红方式，引起了市场关注。股票回购被认为是一种更有利的财务手段，有助于提振市场信心L张捷观察-谁是谁非任评说的微博视频,,,,"芝士热亿点,张捷财经",31,41,302,2023-10-28 14:00,微博视频号,,"http://f.video.weibocdn.com/o0/c0QE0PWClx089I5jKHws010412005hBy0E010.mp4?label=mp4_720p&template=1280x720.25.0&ori=0&ps=1BVp4ysnknHVZu&Expires=1711369103&ssig=OcvEr8htjH&KID=unistore,video",,
4961885439922065,NpXVdFDbj,7639399553,神之一手笑,相信我，这个月吊打了做多A股做空大饼的。下个月就该把割肉中国，做多大饼的吊起来打了。,,,,,1,26,88,2023-10-28 18:32,三星Galaxy Z Fold5,,,,
4961762078359803,NpUIfz4Lx,7323703082,爱记仇的小熊猫,金融行业怎么搞的像会所#A股#,,,,A股,32,35,130,2023-10-28 10:22,小熊猫祖传Android,['https://wx1.sinaimg.cn/large/007ZDvJggy1hjarm5vawtj30zk0k0gsn.jpg'],,,
4961774312360695,NpV1Z9U7J,1338738570,石述思,#中国a股##拜登在白宫会见王毅#今日金句：中美关系和中国A股都需要止跌企稳。#v评智库#,,,,"中国a股,拜登在白宫会见王毅,v评智库",7,14,55,2023-10-28 11:10,iPhone 14 Pro Max,['https://wx4.sinaimg.cn/large/001sBd3Agy1hjat0lbs5yj60rk0fidr902.jpg'],,,
4961536776079991,NpOQRpvGn,5362003113,奶爸骑牛,大A重回3000点！这里是超跌反弹还是拉高出货？#A股进入了长期配置价值的窗口期##A股#L奶爸骑牛的微博视频,,,,"A股进入了长期配置价值的窗口期,A股",20,7,58,2023-10-27 19:26,微博视频号,,"http://f.video.weibocdn.com/o0/yD9j5mXulx089HSziOX601041200W4CU0E010.mp4?label=mp4_720p&template=720x1280.24.0&ori=0&ps=1BVp4ysnknHVZu&Expires=1711369103&ssig=yXcUmn4R6E&KID=unistore,video",,
4961488832039160,NpNBx8ytG,1444528110,七月梅子青,谁能说说两个大跌后形成的阶段平台：828利好与10.24以来的利好区别是啥？#A股#,,,,A股,3,30,133,2023-10-27 16:16,萌萌哒天线iPhone客户端,['https://wx1.sinaimg.cn/large/5619bfeely1hj9w7rn3otj20q80d1dl7.jpg'],,,
4961573518707269,NpPO7Ax9P,1901562543,百战---张宝财,诱多反弹，持仓等空#a股进入了长期配置价值的窗口期#A股超话#今日看盘#L百战---张宝财的微博视频,,,,"a股进入了长期配置价值的窗口期,今日看盘",3,7,60,2023-10-27 21:52,微博视频号,,"http://f.video.weibocdn.com/o0/DmzswIXXlx089I2AZrqE01041200xwbp0E010.mp4?label=mp4_720p&template=1280x720.25.0&ori=0&ps=1BVp4ysnknHVZu&Expires=1711369127&ssig=2GbcBrlHY2&KID=unistore,video",,
4961478153602932,NpNkjf7hO,1089510241,天狼若超,A股四季度吃饭行情，能涨多少？#上证指数##四季度##吃饭行情#L天狼若超的微博视频,,,,"上证指数,四季度,吃饭行情",17,13,79,2023-10-27 15:33,微博视频号,,"http://f.video.weibocdn.com/o0/Q63d8atMlx089HCzwzu801041200fAJe0E010.mp4?label=mp4_720p&template=1280x720.25.0&ori=0&ps=1BVp4ysnknHVZu&Expires=1711369127&ssig=MDLvL2wibN&KID=unistore,video",,
4961522038079593,NpOt5xTS1,7511799576,作手新一2012,#A股#作手新一10月27日热点板块汇总（每日实时更新），以下内容是V+会员专属。新粉们想提高自己炒股水平的，想吃肉的都去学习作手新一置顶微博的两个战法，都是超级干货。股市投机是认知变现最便捷的方式，认知提高了才能成为赢家#苏炳添世界排名消失#,,,,"A股,苏炳添世界排名消失",3,0,69,2023-10-27 18:28,微博网页版,['https://wx4.sinaimg.cn/large/008cmKdGgy1hja01p5ersj50q80apgwn2.jpg'],,,
4961480027932988,NpNnkxhJq,2254117980,端雅谦慧,再见了，上证指数3000点，我真想说永别了3000点。上证指数已经不适合体现中国目前的经济情况，中国经济几十年来的发展已经达到全球第二，请考虑重新调整指数，或用沪深300指数代替。“轻舟已过万重山”，A股的调整已告结束！前进中国经济！前进A股！,,,,,7,19,65,2023-10-27 15:41,iPhone 14 Pro Max,"['https://wx1.sinaimg.cn/large/865b1c5cly1hj9v1d28sfj222m0z67i4.jpg', 'https://wx3.sinaimg.cn/large/865b1c5cly1hj9v1byna6j20zu1k0tlj.jpg', 'https://wx4.sinaimg.cn/large/865b1c5cly1hj9v1dwpqmj20zu1h1k1u.jpg']",,,
4961481769353680,NpNq8DfjO,2216334181,雷斯林Raist,汪峰章子怡离婚后，A股已经连涨四天了。,,,,,9,22,118,2023-10-27 15:48,iPhone 15 Pro,"['https://wx1.sinaimg.cn/large/841a9365ly1hj9vdl7jocj20wr1z0123.jpg', 'https://wx3.sinaimg.cn/large/841a9365ly1hj9vdlh7blj20wr1z0wn9.jpg', 'https://wx4.sinaimg.cn/large/841a9365ly1hj9vdlwh3lj20wr1z07cv.jpg', 'https://wx2.sinaimg.cn/large/841a9365ly1hj9vdkuy6kj20wr1z0n5k.jpg', 'https://wx4.sinaimg.cn/large/841a9365ly1hj9vf6e58gj20kd08faev.jpg']",,,
4961513200946397,NpOeQ3Yct,1773572773,Mia是个小朋友,地产雷了，银行也不行了，该喝的酒还是一点没少喝呀，五粮液超预期，古井贡酒相当炸裂，下周白酒带领A股吹响反攻号角,,,,,16,12,57,2023-10-27 17:53,微博轻享版,"['https://wx1.sinaimg.cn/large/69b692a5gy1hj9z16dccxj20u018jq7k.jpg', 'https://wx1.sinaimg.cn/large/69b692a5gy1hj9z16jup0j20u01sx438.jpg', 'https://wx4.sinaimg.cn/large/69b692a5gy1hj9z16eh5tj20u01abgqw.jpg', 'https://wx3.sinaimg.cn/large/69b692a5gy1hj9z16c0o7j20u018jtcw.jpg']",,,
4961489238099288,NpNCbxYZG,5470337973,猫笔刀的小迷妹,有时候炒股你真不能不信邪。自从汪峰宣布离婚，A股已经连涨三天了……,,,,,8,9,44,2023-10-27 16:17,,['https://wx4.sinaimg.cn/large/005YcYNDgy1hj9w9ovs65j30ll0cfabd.jpg'],,,
4961394861542718,NpL9Y6tky,6443495545,坤小七Human,A股这几天走强原因：1.政策预期利好兑现。首当其冲的是这几天反复提及的“特殊国债”的发布。2.三季度的部分行业的业绩是整体超预期的，代表性的龙头走出来了。3.汇金持续增持。,,,,,6,24,345,2023-10-27 10:02,华为手机,,,,
4961366441724534,NpKq87eD4,2965936722,逍遥图腾,早上好，我来啦A股走出三连阳了，算是给力了！昨晚外围一片大草原，今天又是周五大A能走出独立行情么，让我们拭目以待吧~,,,,,34,358,625,2023-10-27 08:10,微博网页版,['https://wx2.sinaimg.cn/large/b0c89a52gy1hj96lrx3fkj20dw0dwq4l.jpg'],,,
4961434506887949,NpMbUsTRX,6135649961,大妖妖,#印度军队向巴基斯坦开火#印度也开始供火了？？阿三最喜欢搞事了。。好啊整个晋西北打成一锅粥了，希望A股不要买单,,,,印度军队向巴基斯坦开火,0,24,88,2023-10-27 12:40,赞评会暴富iPhone客户端,,,,
4961416876656638,NpLJtrVH8,5303871074,百足虫儿,上午盘A股红鸡儿（基金）红给我保持红就少吹牛废话少说看下午再说作业！今天中午干啥饭？虫虫窝超话,,,,,1,51,62,2023-10-27 11:30,虫虫窝超话,['https://wx1.sinaimg.cn/large/005MWv9Ely1hj9nywx4vwj30u00vnn7x.jpg'],,,
4961398577695086,NpLfXwhQi,2042962053,牛市sky,3000点这不回来了吗？！老胡的方法是对的！A股没问题！,,,,,4,14,102,2023-10-27 10:17,微博仅供参考,['https://wx2.sinaimg.cn/large/79c52085ly1hj9lv4alauj20u0174wlr.jpg'],,,
4961376164382572,NpKFOio6E,3933200911,泊客股事,据说浙江国祥和福华化学被全民打假后，全市场有300家企业主动退回IPO申请，想骂娘啊，秃子这几年是怎么搞的，把市场搞到历届最烂，就如学者刘诛威说的把A股市场弄成权贵和资本的提款机，公开抢钱。。。。,,,,,5,2,47,2023-10-27 08:48,,,,,
4961428406799009,NpM24swJr,1239417764,老乐微妙,A股出现回购潮，此回购非彼回购。L老乐微妙的微博视频,,,,,27,4,56,2023-10-27 12:16,微博视频号,,"http://f.video.weibocdn.com/o0/pdHNecNClx089HoZUM2s01041200m27u0E010.mp4?label=mp4_720p&template=1280x720.25.0&ori=0&ps=1BVp4ysnknHVZu&Expires=1711369153&ssig=TgEcMMcYE9&KID=unistore,video",,
4961400037310617,NpLijuFPb,1683299692,孤魂黄金,#上证指数##A股#【上证指数重上3000点】上证指数延续了2923的反弹，今天盘中重上3000点，还是当弱反弹对待，3150是关键，不破就是弱势反弹。破位才考虑回三角区间，当备选。#上证指数3000点#,,,,"上证指数,A股,上证指数3000点",1,74,89,2023-10-27 10:23,微博网页版,['https://wx4.sinaimg.cn/large/64551d6cgy1hj9m0eav6uj20tn0mtgu3.jpg'],,,
4961373265330511,NpKB8mmHZ,1983026375,盘之感,为什么会这样？太突然了！万分震惊又无比痛心！为国操劳了那么久，一路走好……希望A股今天不要给老百姓添堵了！,,,,,3,12,62,2023-10-27 08:37,iPhone 12 Pro,['https://wx2.sinaimg.cn/large/763294c7ly1hj9ixtdr9bj20wi1ycdrj.jpg'],,,
4961178403734101,NpFwQfFpr,1098173713,有限次重复博弈,海通证券用三年滚动风险溢价率统计的买入A股不同时段的胜率，目前是一个标准差，短期胜率跟任意时间买入差不多，两个标准差中期（六个月以上）胜率才有明显的不同,,,,,23,7,40,2023-10-26 19:42,微博网页版,"['https://wx3.sinaimg.cn/large/4174cd11gy1hj8we0ul8ij21370dn4ac.jpg', 'https://wx4.sinaimg.cn/large/4174cd11gy1hj8wf25g0jj214l0k7h3x.jpg']",,,
4961181947923822,NpFCyxflA,2072724293,爱股票APP,中科星图回购注销，A股需要更多的公司来响应，牛市何愁不来呢？【中科星图：拟以8000万元-1亿元回购股份并注销】中科星图公告，拟以8000万元-1亿元回购股份，回购价格不超过人民币69元/股，本次回购股份将注销并减少公司注册资本。（交易所）,,,,,52,13,107,2023-10-26 19:56,微博网页版,['https://wx3.sinaimg.cn/large/7b8b4345ly1hj8wyqkrprj20k60nadt4.jpg'],,,
4961142226027706,NpEAupi54,1403815095,邓浩志,【洪灏：如果美联储停止加息A股很快就会涨】洪灏去年底今年初还被全面禁言，准确说是“炸号”，所有自媒体号直接注销了。现在发表对A股有鼓舞性言论，就被各平台推上热搜。,,,,,12,21,47,2023-10-26 17:19,微博网页版,['https://wx3.sinaimg.cn/large/53ac84b7gy1hj8schjvxaj20j60yo46x.jpg'],,,
4961144705648321,NpEEunHnX,1943865590,徐侠客财经,A股真的太需要重罚警示了！,,,,,5,16,63,2023-10-26 17:28,HUAWEI Mate 30 5G,"['https://wx4.sinaimg.cn/large/73dd08f6gy1hj8sozstiyj20x80ukwn9.jpg', 'https://wx1.sinaimg.cn/large/73dd08f6gy1hj8sp03b0yj20t30hzdly.jpg']",,,
4961016108286300,NpBj4yLE0,1256103000,巴菲宝叔,来来来，点赞回帖集合啦。现在的A股毫无疑问处在低位，其实这里没什么可怕的，指数涨跌100点都影响不了啥，重个股轻指数。用大周期长线的眼光去看，就是一个黄金大底。调稳心态，不被非理性的波动影响，轻舟已过万重山～,,,,,3,40,128,2023-10-26 08:57,iPhone 15 Pro,,,,
4961031531794492,NpBHX7wPq,7285278074,坡坡Depol,周三A股市场延续反弹，可能会有几天的平稳期，但反弹空间并不大。低位活跃的会相对安全。在高标反复热闹的时候，高标也可以进行超短博弈，但尽量不要追。,,,,,2,6,148,2023-10-26 09:59,iPhone 15 Pro,,,,
4961034142223349,NpBMa9kot,7288200138,乐游-杨生,宝藏私募大佬余军:20年在A股大赚几百倍，做好公司的长期股东@乐游养生@你不知道的乐游L乐游-杨生的微博视频,,,"乐游养生,你不知道的乐游",,51,0,39,2023-10-26 10:09,iPhone 12,,"http://f.video.weibocdn.com/u0/ZYxH0fuFgx089FFp3mY001041204er570E020.mp4?label=mp4_hd&template=640x360.25.0&ori=0&ps=1BVp4ysnknHVZu&Expires=1711369190&ssig=%2BJre3eBX%2BH&KID=unistore,video",,
4960836135421687,NpwCNmKqz,2403016510,情迷大A异想世界,今日复盘之“再超预期！”#复盘##今日复盘#A股超话#早盘提示##选股技巧##盘前策略#,,,,"复盘,今日复盘,早盘提示,选股技巧,盘前策略",1,20,85,2023-10-25 21:02,会吃板板的iPhone客户端,['https://wx3.sinaimg.cn/large/8f3b1f3ely1hj7t9t42pbj20o20ms48v.jpg'],,,
4960842798858890,NpwNxBaBk,7320512815,A波浪教主-非缠即禅,10月25日A股复盘：反弹过后还会下跌等信号！LA波浪教主-非缠即禅的微博视频,,,,,11,20,53,2023-10-25 21:29,iPhone XS Max,,"http://f.video.weibocdn.com/o0/gJWYJX7Ylx089EPbW5G001041200L2yk0E010.mp4?label=mp4_720p&template=720x1280.24.0&ori=0&ps=1BVp4ysnknHVZu&Expires=1711369212&ssig=Ay17hTONsv&KID=unistore,video",,
4960773295835693,NpuZrou85,6225269756,股海游明灯,#历史上4次特别国债发行A股均走出高点#抛开过去4次发行国债不谈。只说当下。不管是周期窗口还是政策面，都在酝酿着一波极其可观的行情。,,,,历史上4次特别国债发行A股均走出高点,8,59,585,2023-10-25 16:53,,,,,
4960734151182094,NptYj4Xw2,1803434981,李大米Lidami,滴滴司机在等红灯的时候，看了一眼他自己的手机然后深深叹了口气因为叹气声太大，我也看了过去发现他在看A股嗯，一片碧绿现在他车子开的很快，我已经紧紧拽住了车顶的把手。他还在叹气……打字到这的时候，我只是过一个环岛，却感觉自己像坐上了那辆在秋名山的送豆腐的白色老爷车。,,,,,1,55,242,2023-10-25 14:17,朋克的iPhone客户端,['https://wx4.sinaimg.cn/large/b10c1bc2ly1hiw3slbggrj208c08cjrd.jpg'],,,
4960736151863581,Npu1x7ONL,1457478803,脊梁in上海SH,除夕上班就算了除夕还要亏钱杀人诛心啊#除夕a股正常开市#,,,,除夕a股正常开市,3,10,81,2023-10-25 14:25,iPhone 13 Pro,,,,
4960752311995710,NpurB8naS,5851185687,电竞徐嘉诰,虽然除夕不放假，但是除夕A股正常开市！,,,,,3,21,124,2023-10-25 15:29,,['https://wx2.sinaimg.cn/large/006nYYGHly1hj7jn24j6pj313w11448c.jpg'],,,
4960748469486207,NpuloDNNl,1673628557,Herbiewu,A股降低交易印花税后的走势起了个坏的示范效应。,,,,,7,26,72,2023-10-25 15:14,,"['https://wx1.sinaimg.cn/large/63c18b8dly1hj7j6f4euuj20wo1uowq6.jpg', 'https://wx1.sinaimg.cn/large/63c18b8dly1hj7j6fqv8uj20wo1uogt9.jpg']",,,
4960813367690847,Npw24wgJV,6385794266,是寻瑕呀,A股交易口诀①sellinmayandgoaway②wakemeupwhenSeptemberends,,,,,15,9,42,2023-10-25 19:32,HUAWEI P40 Pro 5G,['https://wx3.sinaimg.cn/large/006Ya8NIly1hj7qmzxqqej30dg08k3yz.jpg'],,,
4960783449721009,NpvfOEMSt,2772800360,洱海弥,#除夕A股正常开市#建议还是休了吧，大涨还好，万一来个大跌，这年夜饭都没法吃了。,,,,除夕A股正常开市,1,13,47,2023-10-25 17:33,,,,,
4960720854452062,NptCRiGbs,5598543279,V_Lunna,我真的特别特别讨厌被人当成傻子，合着我还得感谢你们是吧？鼓励要是有用你们立法干什么，你落实双休制度强制执行8小时工作制了吗？做不到的企业有处罚措施吗？什么都没干你在那说尼玛呢？不愧是公家的人甩锅一流PUA一流，就问你多放几天是不是能死人？A股崩了是因为放假吗？？😃😃😃,,,,,5,18,244,2023-10-25 13:24,CP粉磕糖日常,"['https://wx4.sinaimg.cn/large/0066SUR9ly1hj7ftormsoj30wr0qqdmm.jpg', 'https://wx3.sinaimg.cn/large/0066SUR9ly1hj7ftogqd8j30wr10jwot.jpg']",,,
4960704077761757,NptbNwzbD,2283743415,相忘後念,?主打一个人财两空吗？（人也不放假，💰也）#除夕a股正常开市#,,,,除夕a股正常开市,9,24,609,2023-10-25 12:18,日富一日的熬夜小能手,,,,
4960698348080810,Npt2yxUbE,5647310207,鸿鹄痔,除夕夜做A股，霉头年头触到年尾。,,,,,7,27,218,2023-10-25 11:55,三体人的iPhone 13 mini,,,,
4960695302490261,NpsXEarPv,5019059529,小李-不飞刀,翻到一些关于A股评论，笑吐不过涨回3000点还是比较稳的今天加仓搏一搏等单车变摩托#除夕a股正常开市#,,,,除夕a股正常开市,10,202,109,2023-10-25 11:43,Redmi K30 Pro 变焦版,"['https://wx3.sinaimg.cn/large/005tFsF3gy1hj7d2dpxvjj30lg020gmr.jpg', 'https://wx3.sinaimg.cn/large/005tFsF3gy1hj7d2e0i7kj30mz09bgny.jpg', 'https://wx2.sinaimg.cn/large/005tFsF3gy1hj7d2ed4qmj30ci06ejsp.jpg']",,,
4960669700719723,Npsim31er,5348374273,林优秀88,现在的A股，从价值来说比北上广深一线核心地区的房子便宜不知道多少，以沪深300、科创50来对比，不管是现下的价值还是未来预期，房子都是贵几倍的存在。希望有一天A股总市值能够超越房地产，优质公司股权成为各方必配的核心资产。,,,,,10,10,57,2023-10-25 10:01,,,,,
4960700584167671,Npt6ahucv,5451564952,林捂捂,还是老胡会叼啊，想必老胡也能感受到来自A股的巨大善意吧,,,,,15,26,136,2023-10-25 12:04,,"['https://wx2.sinaimg.cn/large/005WWd4Yly1hj7doalt2ej30tu08f0vp.jpg', 'https://wx1.sinaimg.cn/large/005WWd4Yly1hj7dob05fij30ru1007bd.jpg']",,,
4960716851513027,Nptwp6lBF,6071770825,韩大锤,#除夕A股正常开市#除夕也开市，难道就不能让广大股民正儿八经不难受几天吗？平时已经够煎熬了，春节就好好让大家休息休息吧。,,,,除夕A股正常开市,22,65,175,2023-10-25 13:08,微博搜索,,,,
4960702545793693,Npt9kojcF,1796445350,锋潮科技,#除夕A股正常开市#大年三十，A股正常开市！,,,,除夕A股正常开市,4,20,34,2023-10-25 12:11,微博网页版,,,,
4960715535811629,NptuhonRX,1622115061,汤天奇,#2024春节放8天假##除夕A股正常开市#这年过的主打一个不踏实！我记得好像过去没经历过除夕A股正常交易的，会不会来个千股涨停贺新年？,,,,"2024春节放8天假,除夕A股正常开市",2,23,31,2023-10-25 13:03,微博搜索,,,,
